server_path	size_bytes	mtime	sha256
/root/autodl-tmp/wjx_project/classcify-gw-lensing-pairs-main/repro_old_data_v4/runs/SIS_pure_OldData_Repro/best_classifier.pt	131338738	2026-04-13T17:14:22.462976176T+0800	904f66f1c79c9cde1ac8bcc6c05caab777a34983dc1d804d6b4a427aa515b2ce
/root/autodl-tmp/wjx_project/classcify-gw-lensing-pairs-main/repro_old_data_v4/runs/SIS_noisy_OldData_Repro/best_classifier.pt	131338738	2026-04-13T17:59:17.603032557T+0800	233e8301f19b86469020f603470150b95ae4d00c2ec75fd02196a725c9537cda
/root/autodl-tmp/wjx_project/classcify-gw-lensing-pairs-main/repro_old_data_v4/runs/PM_pure_OldData_Repro/best_classifier.pt	131338738	2026-04-13T20:49:27.510267224T+0800	a5cfe5e884b97308567650abb3ef578cdfe7f196d4f7ae5da3686d0ea5b6fde5
/root/autodl-tmp/wjx_project/classcify-gw-lensing-pairs-main/repro_old_data_v4/runs/PM_noisy_OldData_Repro/best_classifier.pt	131338738	2026-04-13T21:43:06.687801169T+0800	1806fa82b79e751cd61ae83761f3f8edd0be5321dbe3b1872d452c375be50eed
/root/autodl-tmp/wjx_project/classcify-gw-lensing-pairs-main/repro_old_data_v4/runs/classifier_SIS_noisy_v1/best_SIS_Baseline.pt	131339034	2026-05-11T10:47:40.048064002T+0800	9c9e7c0e321c23bfd6d1c84ce850d299ae29d736821c788e3557a2743800d736
/root/autodl-tmp/wjx_project/classcify-gw-lensing-pairs-main/repro_old_data_v4/runs/classifier_SIS_noisy_v1/best_SIS_PI-ResNet_Baseline.pt	131340578	2026-04-15T10:41:59.082796318T+0800	f5086fc8ec5fcd92221fced7aa4531afd2d38801e5f51b4a85a81e5657974324
/root/autodl-tmp/wjx_project/classcify-gw-lensing-pairs-main/repro_old_data_v4/runs/classifier_SIS_noisy_v1/best_SIS_w_Snake_Activation.pt	131346424	2026-04-15T13:36:14.676157685T+0800	e348ea3833ea5607360e3e0318009866af6bc281a4ef8d5f55445be39504c081
/root/autodl-tmp/wjx_project/classcify-gw-lensing-pairs-main/repro_old_data_v4/runs/classifier_SIS_noisy_v1/best_SIS_wo_PhysicsFusion.pt	131340282	2026-04-15T11:35:02.264870994T+0800	36e52ad90e3167dbe4ee2f5af5735d80493350465104b12cbcec98d9ee620bc7
/root/autodl-tmp/wjx_project/classcify-gw-lensing-pairs-main/repro_old_data_v4/runs/classifier_SIS_noisy_v1/best_SIS_wo_SE_Block.pt	128253052	2026-04-15T12:28:22.550803150T+0800	0a06a0a19599f5a5f64e3c2df181a62c02416a4189f734e399f0884cda4fe6ab
/root/autodl-tmp/wjx_project/classcify-gw-lensing-pairs-main/repro_old_data_v4/runs/classifier_PM_noisy_v1/best_PM_PI-ResNet_Baseline.pt	131340430	2026-04-15T14:20:43.027619974T+0800	e52d623a6083f17ed2b3ffde93ed7d80fa85ed7461581489dd41f676eae8c23d
/root/autodl-tmp/wjx_project/classcify-gw-lensing-pairs-main/repro_old_data_v4/runs/classifier_PM_noisy_v1/best_PM_w_Snake_Activation.pt	131346257	2026-04-15T17:06:17.288885432T+0800	ab0b1c79b42a01b172c335d1afdf4a83568dcbf0dee5e6d60aabe55492d9cbbe
/root/autodl-tmp/wjx_project/classcify-gw-lensing-pairs-main/repro_old_data_v4/runs/classifier_PM_noisy_v1/best_PM_wo_PhysicsFusion.pt	131340134	2026-04-15T15:11:40.315748841T+0800	45002f232b9315bff6547470c4e2525e3dbc5f2ae0689e8ac33d439dfc292357
/root/autodl-tmp/wjx_project/classcify-gw-lensing-pairs-main/repro_old_data_v4/runs/classifier_PM_noisy_v1/best_PM_wo_SE_Block.pt	128252918	2026-04-15T16:02:22.512745793T+0800	4bae132ed85ab98b508ec35b11d61ecacd9260fdf707d822f43001d135857766
/root/autodl-tmp/wjx_project/classcify-gw-lensing-pairs-main/ET_vs_LIGO_bf/runs/classifier_SIS_pure_v1/Baseline/best_SIS_Baseline.pt	131346714	2026-05-07T15:56:37.895609513T+0800	343829a0d934e754993c29f76c2d21f88a066d8339c057850884791b4a8a2b7a
/root/autodl-tmp/wjx_project/classcify-gw-lensing-pairs-main/ET_vs_LIGO_bf/runs/classifier_SIS_noisy_v1/Baseline/best_SIS_Baseline.pt	131346714	2026-05-07T15:31:17.765903088T+0800	fea210700a49c57705d5d55f6d9877e0d3510b90b772a397ac622c0eda80175e
/root/autodl-tmp/wjx_project/classcify-gw-lensing-pairs-main/ET_vs_LIGO_bf/runs/classifier_SIS_noisy_v1/best_SIS_Baseline.pt	131346714	2026-05-07T09:50:26.360091409T+0800	8d35f0ed5592f4aff6e7158f42a7e3b597ee5eab30c33a24a4d1a7242a3de406
/root/autodl-tmp/wjx_project/classcify-gw-lensing-pairs-main/ET_vs_LIGO_bf/runs/classifier_PM_pure_v1/Baseline/best_PM_Baseline.pt	131346566	2026-05-07T13:25:59.269244624T+0800	008551a6aad50a271f8e3f4579e9734ba7efb385ec42b446b5add8f434b3a6f7
/root/autodl-tmp/wjx_project/classcify-gw-lensing-pairs-main/ET_vs_LIGO_bf/runs/classifier_PM_noisy_v1/Baseline/best_PM_Baseline.pt	131346566	2026-05-07T15:16:21.099016331T+0800	befc452f588f960af9f85d724f4f9fe7f97e2b3d3bce80dafd11f49d0c636696
/root/autodl-tmp/wjx_project/classcify-gw-lensing-pairs-main/SEMD-LensedGW-main/checkpoints/SIS_pure_cqt_model.pth	23129029	2026-04-30T19:07:24.440568098T+0800	0075e3862f79bc65c07350e2e782b6e0b9c23b5a761203b9192979ea203058f8
/root/autodl-tmp/wjx_project/classcify-gw-lensing-pairs-main/SEMD-LensedGW-main/checkpoints/SIS_noisy_cqt_model.pth	23129208	2026-04-30T21:00:03.758562554T+0800	fed1ff0a29e387eb436713533bdb6dce15c693d9ec285ddfc93e4c43357b0f80
/root/autodl-tmp/wjx_project/classcify-gw-lensing-pairs-main/SEMD-LensedGW-main/checkpoints/PM_pure_cqt_model.pth	23128850	2026-04-30T22:57:29.973744524T+0800	96a6d341a77211cefa711f4a0342e4a3ca7bac8c72a4b93df39eb0c3b75375de
/root/autodl-tmp/wjx_project/classcify-gw-lensing-pairs-main/SEMD-LensedGW-main/checkpoints/PM_noisy_cqt_model.pth	23129029	2026-05-01T00:51:25.680287371T+0800	5902dbe4739edde65bc692dc444c3c4f7d31351026f440e29ba99b9facc266de
